timestamp,open,high,low,close,volume
2025-12-18,273.6050,273.6300,266.9500,272.1900,51457365
2025-12-17,275.0100,276.1600,271.6400,271.8400,50138743
2025-12-16,272.8200,275.5000,271.7900,274.6100,37648628
2025-12-15,280.1500,280.1500,272.8400,274.1100,50409078
2025-12-12,277.9000,279.2200,276.8200,278.2800,39532887
2025-12-11,279.0950,279.5900,273.8100,278.0300,33247986
2025-12-10,277.7500,279.7500,276.4400,278.7800,33038318
2025-12-09,278.1600,280.0300,276.9200,277.1800,31753410
2025-12-08,278.1300,279.6693,276.1500,277.8900,36406317
2025-12-05,280.5400,281.1400,278.0500,278.7800,47265845
2025-12-04,284.0950,284.7300,278.5900,280.7000,43989056
2025-12-03,286.2000,288.6200,283.3000,284.1500,43538687
2025-12-02,283.0000,287.4000,282.6301,286.1900,53669532
2025-12-01,278.0100,283.4200,276.1400,283.1000,46587722
2025-11-28,277.2600,279.0000,275.9865,278.8500,20135620
2025-11-26,276.9600,279.5300,276.6300,277.5500,33431423
2025-11-25,275.2700,280.3800,275.2500,276.9700,46914220
2025-11-24,270.9000,277.0000,270.9000,275.9200,65585796
2025-11-21,265.9500,273.3300,265.6700,271.4900,59030832
2025-11-20,270.8300,275.4300,265.9200,266.2500,45823568
2025-11-19,265.5250,272.2100,265.5000,268.5600,40424492
2025-11-18,269.9900,270.7100,265.3200,267.4400,45677278
2025-11-17,268.8150,270.4900,265.7300,267.4600,45018260
2025-11-14,271.0500,275.9600,269.6000,272.4100,47431331
2025-11-13,274.1100,276.6990,272.0900,272.9500,49602794
2025-11-12,275.0000,275.7300,271.7000,273.4700,48397982
2025-11-11,269.8100,275.9100,269.8000,275.2500,46208318
2025-11-10,268.9600,273.7300,267.4550,269.4300,41312412
2025-11-07,269.7950,272.2900,266.7700,268.4700,48227365
2025-11-06,267.8900,273.4000,267.8900,269.7700,51204045
2025-11-05,268.6100,271.7000,266.9300,270.1400,42586288
2025-11-04,268.3250,271.4860,267.6150,270.0400,49274846
2025-11-03,270.4200,270.8500,266.2500,269.0500,50194583
2025-10-31,276.9900,277.3200,269.1600,270.3700,86167123
2025-10-30,271.9900,274.1400,268.4800,271.4000,69886534
2025-10-29,269.2750,271.4100,267.1100,269.7000,51086742
2025-10-28,268.9850,269.8900,268.1500,269.0000,41534759
2025-10-27,264.8800,269.1200,264.6501,268.8100,44888152
2025-10-24,261.1900,264.1300,259.1800,262.8200,38253717
2025-10-23,259.9400,260.6200,258.0101,259.5800,32754941
2025-10-22,262.6500,262.8500,255.4300,258.4500,45015254
2025-10-21,261.8800,265.2900,261.8300,262.7700,46695948
2025-10-20,255.8850,264.3750,255.6300,262.2400,90483029
2025-10-17,248.0200,253.3800,247.2700,252.2900,49146961
2025-10-16,248.2500,249.0400,245.1300,247.4500,39776974
2025-10-15,249.4850,251.8200,247.4700,249.3400,33893611
2025-10-14,246.6000,248.8450,244.7000,247.7700,35477986
2025-10-13,249.3800,249.6900,245.5600,247.6600,38142942
2025-10-10,254.9400,256.3800,244.0000,245.2700,61999098
2025-10-09,257.8050,258.0000,253.1400,254.0400,38322012
2025-10-08,256.5200,258.5200,256.1100,258.0600,36496895
2025-10-07,256.8050,257.4000,255.4300,256.4800,31955776
2025-10-06,257.9900,259.0700,255.0500,256.6900,44664118
2025-10-03,254.6650,259.2400,253.9500,258.0200,49155614
2025-10-02,256.5750,258.1800,254.1500,257.1300,42630239
2025-10-01,255.0400,258.7900,254.9300,255.4500,48713940
2025-09-30,254.8550,255.9190,253.1100,254.6300,37704259
2025-09-29,254.5600,255.0000,253.0100,254.4300,40127687
2025-09-26,254.0950,257.6000,253.7800,255.4600,46076258
2025-09-25,253.2050,257.1700,251.7120,256.8700,55202075
2025-09-24,255.2200,255.7400,251.0400,252.3100,42303710
2025-09-23,255.8750,257.3400,253.5800,254.4300,60275187
2025-09-22,248.3000,256.6400,248.1200,256.0800,105517416
2025-09-19,241.2250,246.3000,240.2106,245.5000,163741314
2025-09-18,239.9700,241.2000,236.6500,237.8800,44249576
2025-09-17,238.9700,240.1000,237.7301,238.9900,46508017
2025-09-16,237.1750,241.2200,236.3235,238.1500,63421099
2025-09-15,237.0000,238.1900,235.0300,236.7000,42699524
2025-09-12,229.2200,234.5100,229.0200,234.0700,55824216
2025-09-11,226.8750,230.4500,226.6500,230.0300,50208578
2025-09-10,232.1850,232.4200,225.9500,226.7900,83440810
2025-09-09,237.0000,238.7805,233.3600,234.3500,66313918
2025-09-08,239.3000,240.1500,236.3400,237.8800,48999495
2025-09-05,239.9950,241.3200,238.4901,239.6900,54870397
2025-09-04,238.4500,239.8999,236.7400,239.7800,47549429
2025-09-03,237.2100,238.8500,234.3600,238.4700,66061716
2025-09-02,229.2500,230.8500,226.9700,229.7200,44075638
2025-08-29,232.5100,233.3800,231.3700,232.1400,39418437
2025-08-28,230.8200,233.4100,229.3350,232.5600,38074700
2025-08-27,228.6100,230.9000,228.2600,230.4900,31259513
2025-08-26,226.8700,229.4900,224.6900,229.3100,54575107
2025-08-25,226.4800,229.3000,226.2300,227.1600,30983133
2025-08-22,226.1700,229.0900,225.4100,227.7600,42477811
2025-08-21,226.2700,226.5200,223.7804,224.9000,30621249
2025-08-20,229.9800,230.4700,225.7700,226.0100,42263865
2025-08-19,231.2750,232.8700,229.3500,230.5600,39402564
2025-08-18,231.7000,233.1200,230.1100,230.8900,37476188
2025-08-15,234.0000,234.2800,229.3350,231.5900,56038657
2025-08-14,234.0550,235.1200,230.8500,232.7800,51916275
2025-08-13,231.0700,235.0000,230.4300,233.3300,69878546
2025-08-12,228.0050,230.8000,227.0700,229.6500,55672301
2025-08-11,227.9200,229.5600,224.7600,227.1800,61806132
2025-08-08,220.8300,231.0000,219.2500,229.3500,113853967
2025-08-07,218.8750,220.8500,216.5800,220.0300,90224834
2025-08-06,205.6300,215.3800,205.5900,213.2500,108483103
2025-08-05,203.4000,205.3400,202.1600,202.9200,44155079
2025-08-04,204.5050,207.8800,201.6750,203.3500,75109298
2025-08-01,210.8650,213.5800,201.5000,202.3800,104434473
2025-07-31,208.4900,209.8400,207.1600,207.5700,80698431
2025-07-30,211.8950,212.3900,207.7200,209.0500,45512514
